aave,aave,aax,aax,aax_futures,aax futures,abcc,abcc,acdx,acdx,acdx_futures,acdx futures,acsi_finance,acsi finance,aex,aex,allbit,allbit,allcoin,allcoin,alpha_five,alpha5,altcointrader,altcointrader,alterdice,alterdice,altmarkets,altmarkets,anyswap,anyswap,apeswap,apeswap,apeswap_polygon,apeswap (polygon),aprobit,aprobit,artisturba,artis turba,atomars,atomars,auroraswap,auroraswap,b2bx,b2bx,baguette,baguette,bakeryswap,bakeryswap,bakkt,bakkt,balanced_network,balanced network,balancer,balancer (v2),balancer_arbitrum,balancer (arbitrum),balancer_polygon,balancer (polygon),balancer_v1,balancer (v1),bamboo_relay,bamboo relay,bancor,bancor network,bankera,bankera,basefex,basefex,bcex,bcex,beaxy,beaxy,beethovenx,beethoven x,benswap_smart_bitcoin_cash,benswap,bepswap,bepswap,bgogo,bgogo,bibo,bibo,bibox,bibox,bibox_futures,bibox (futures),biconomy,biconomy,bidesk,bidesk,bigone,bigone,bigone_futures,bigone futures,bilaxy,bilaxy,binance,binance,binance_dex,binance dex,binance_dex_mini,binance dex (mini),binance_futures,binance (futures),binance_jersey,binance jersey,binance_us,binance us,bione,bione,birake,birake,bisq,bisq,biswap,biswap,bit2c,bit2c,bitalong,bitalong,bitbank,bitbank,bitbay,zonda,bitbns,bitbns,bitbox,bitfront,bitci,bitci,bitcoin_com,fmfw.io,bit_com_futures,bit.com,bitcratic,bitcratic,bitex,bitex.la,bitexbook,bitexbook,bitexen,bitexen,bitexlive,bitexlive,bitfex,bitfex,bitfinex,bitfinex,bitfinex_futures,bitfinex (futures),bitflyer,bitflyer,bitflyer_futures,bitflyer (futures),bitforex,bitforex,bitforex_futures,bitforex (futures),bitget,bitget,bitget_futures,bitget futures,bithash,bithash,bitholic,bithumb singapore,bithumb,bithumb,bithumb_futures,bithumb (futures),bithumb_global,bitglobal,bitinfi,bitinfi,bitinka,bitinka.com,bitkonan,bitkonan,bitkub,bitkub,bitmart,bitmart,bitmax,ascendex (bitmax),bitmax_futures,ascendex  (bitmax) (futures),bitmesh,bitmesh,bitmex,bitmex,bitoffer,bitoffer,bitonbay,bitonbay,bitopro,bitopro,bitpanda,bitpanda pro,bitrabbit,bitrabbit,bitrue,bitrue,bits_blockchain,bits blockchain,bitsdaq,bitsdaq,bitso,bitso,bitsonic,bitsonic,bitstamp,bitstamp,bitsten,bitsten,bitstorage,bitstorage,bittrex,bittrex,bitubu,bitubu exchange,bitvavo,bitvavo,bitz_futures,bitz (futures),bkex,bkex,bleutrade,bleutrade,blockchain_com,blockchain.com,blockonix,blockonix,boa,boa exchange,bossswap,bossswap,braziliex,braziliex,bscswap,bscswap,btc_alpha,btc-alpha,btcbox,btcbox,btcc,btcc,btcex,btcex,btc_exchange,btc exchange,btcex_futures,btcex (futures),btcmarkets,btcmarkets,btcmex,btcmex,btcnext,btcnext,btcsquare,btcsquare,btc_trade_ua,btc trade ua,btcturk,btcturk pro,btse,btse,btse_futures,btse (futures),burgerswap,burgerswap,buyucoin,buyucoin,bvnex,bvnex,bw,bw.com,bybit,bybit,bybit_spot,bybit (spot),c2cx,c2cx,catex,catex,cbx,cbx,ccex,c-cex,cex,cex.io,chainex,chainex,changelly,changelly pro,cherryswap,cherryswap,chiliz,chiliz,citex,citex,clipper_ethereum,clipper (ethereum),clipper_polygon,clipper (polygon),cme_futures,cme group,coinasset,coinasset,coinbene,coinbene,coinbig,coinbig,coinbit,coinbit,coincheck,coincheck,coindcx,coindcx,coindeal,coindeal,coindirect,coindirect,coineal,coineal,coin_egg,coinegg,coinex,coinex,coinfalcon,coinfalcon,coinfield,coinfield,coinflex,coinflex,coinflex_futures,coinflex (futures),coinfloor,coinfloor,coingi,coingi,coinhe,coinhe,coinhub,coinhub,coinjar,coinjar exchange,coinlim,coinlim,coinlist,coinlist,coinmargin,coinmargin,coin_metro,coinmetro,coinone,coinone,coinpark,coinpark,coinplace,coinplace,coinsbank,coinsbank,coinsbit,coinsbit,coinstore,coinstore,coinsuper,coinsuper,cointiger,cointiger,cointiger_futures,cointiger (futures),coinxpro,coinx.pro,coinzo,coinzo,coinzoom,coinzoom,comethswap,comethswap,compound_finance,compound finance,c_patex,c-patex,cpdax,cpdax,crex24,crex24,crodex,crodex,cronaswap,cronaswap,crxzone,crxzone,cryptaldash,cryptaldash,cryptex,cryptex,cryptlocex,cryptlocex,crypto_com,crypto.com exchange,crypto_com_futures,crypto.com exchange (futures),cryptology,cryptology,crytrex,crytrex,c_trade,c-trade,currency,currency.com,curve,curve finance,cybex,cybex dex,darb_finance,darb finance,daybit,daybit,dcoin,dcoin,ddex,ddex,decoin,decoin,defi_kingdoms,defi kingdoms,defi_swap,defi swap,delta_futures,delta exchange (futures),delta_spot,delta exchange,dem_exchange,demex,deribit,deribit,deversifi,deversifi ,dex_blue,dex.blue,dextrade,dex-trade,dfx,dfx,dfx_polygon,dfx (polygon),dfyn,dfyn,digifinex,digifinex,dmm,kyberswap (ethereum),dmm_avalanche,kyberswap (avalanche),dmm_bsc,kyberswap (bsc),dmm_fantom,kyberswap (fantom),dmm_polygon,kyberswap (polygon),dobitrade,dobitrade,dodo,dodo,dodo_arbitrum,dodo (arbitrum),dodo_bsc,dodo (bsc),dodo_polygon,dodo (polygon),dolomite,dolomite,dove_wallet,dove wallet,dragonex,dragonex,dsx,dsx global,duedex,duedex,dydx,dydx,dydx_perpetual,dydx perpetual,ecxx,ecxx,elitex,elitex,emirex,emirex,equos,eqonex,equos_perpetual,eqonex (perpetual),eterbase,eterbase,etherflyer,etherflyer,ethex,ethex,etorox,etorox,everbloom,everbloom,exmarkets,exmarkets,exmo,exmo,exnce,exnce,exrates,exrates,fatbtc,fatbtc,fex,fex,financex,financex,finexbox,finexbox,firebird_finance_polygon,firebird finance (polygon),floatsv,float sv,flybit,flybit,forkdelta,forkdelta,freiexchange,freiexchange,ftx,ftx (derivatives),ftx_spot,ftx,ftx_us,ftx.us,fuse_fi,fuse.fi,futureswap,futureswap,gate,gate.io,gate_futures,gate.io (futures),gbx,global blockchain exchange,gdac,gdac,gdax,coinbase exchange,gemini,gemini,getbtc,getbtc,gmo_japan,gmo japan,gmo_japan_futures,gmo japan (futures),gobaba,gobaba,goku,gokumarket,gopax,gopax,graviex,graviex,hanbitco,hanbitco,hbtc,bhex,hbtc_futures,bhex (futures),hb_top,hb.top,hitbtc,hitbtc,honeyswap,honeyswap,honeyswap_polygon,honeyswap (polygon),hoo,hoo.com,hopex,hopex,hotbit,hotbit,hpx,hpx,hubi,hubi,huckleberry,huckleberry,huobi,huobi global,huobi_dm,huobi futures,huobi_id,huobi indonesia,huobi_japan,huobi japan,huobi_korea,huobi korea,huobi_thailand,huobi thailand,ice3x,ice3x,idcm,idcm,idex,idex,impossible_finance,impossible finance,incorex,incorex,independent_reserve,independent reserve,indodax,indodax,infinity_coin,infinity coin,injective,injective exchange,injective_futures,injective exchange (futures),instantbitex,instant bitex,iqfinex,iqfinex,itbit,itbit,jetswap,jetswap,jex,binance jex,jex_futures,binance jex (futures),joyso,joyso,jswap,jswap,julswap,julswap,justswap,sunswap,kaidex,kaidex,katana,katana,kava,kava swap,kickex,kickex,kkcoin,kkcoin,k_kex,kkex,koinbazar,koinbazar,korbit,korbit,kraken,kraken,kraken_futures,kraken (futures),kucoin,kucoin,kumex,kucoin futures,kuna,kuna exchange,kuswap,kuswap,lakebtc,lakebtc,latoken,latoken,lbank,lbank,lcx,lcx exchange,leverj,leverj,levinswap_xdai,levinswap (xdai),liquid_derivatives,liquid perpetuals,localtrade,localtrade,loopring,loopring,loopring_amm,loopring amm,luaswap,luaswap,lucent,lucent,lukki,lukki,luno,luno,lydia_finance,lydia finance,lykke,lykke,maiar,maiar,makiswap,makiswap,mars_ecosystem,mars ecosystem,max_maicoin,max maicoin,mcdex,mcdex (arbitrum),mcdex_bsc,mcdex (bsc),mdex,mdex,mdex_bsc,mdex bsc,mercado_bitcoin,mercado bitcoin,mercatox,mercatox,mercuriex,mercuriex,mimo,mimo,mirror,terraswap,mistswap_smart_bitcoin_cash,mistswap,mm_finance,mm finance,mojitoswap,mojitoswap,mooniswap,mooniswap,multi,multi.io,mxc,mexc global,mxc_futures,mexc global (futures),mycoinstory,mcs,namebase,namebase,nami_exchange,nami.exchange,nanu_exchange,nanu exchange,narkasa,narkasa,nash,nash,nearpad,nearpad,neblidex,neblidex,negociecoins,negociecoins,neraex,neraex,netswap,netswap,newdex,newdex,nexus_mutual,nexus mutual,nice_hash,nicehash,niftex,niftex,nlexch,nlexch,nominex,nominex,novadax,novadax,oasis_trade,oasisdex,oceanex,oceanex,okcoin,okcoin,okex,okex,okex_swap,okex (futures),omgfin,omgfin,omnitrade,omnitrade,one_inch,1inch,one_inch_liquidity_protocol,1inch liquidity protocol,one_inch_liquidity_protocol_bsc,1inch liquidity protocol (bsc),oolongswap,oolongswap,openocean_finance,openocean,openswap,openswap,orca,orca,orderbook,orderbook.io,osmosis,osmosis,otcbtc,otcbtc,ovex,ovex,p2pb2b,p2pb2b,paintswap,paintswap,pancakeswap_new,pancakeswap (v2),pangolin,pangolin,pantherswap,pantherswap,paribu,paribu,paroexchange,paro exchange,paymium,paymium,perpetual_protocol,perpetual protocol,phemex,phemex,phemex_futures,phemex (futures),pinkswap,pinkswap,planet_finance,planet finance,polkaswap,polkaswap,poloniex,poloniex,poloniex_futures,poloniex futures,polycat_finance,polycat finance,polyient_dex,polyient dex,polyzap,polyzap,prime_xbt,prime xbt,probit,probit global,probit_kr,probit (korea),qtrade,qtrade,quickswap,quickswap,quipuswap,quipuswap,quoine,liquid,radar_relay,radar relay,raydium2,raydium,ref_finance,ref finance,resfinex,resfinex,rfinex,rfinex,saber,saber,safe_trade,safetrade,sakeswap,sakeswap,sashimiswap,sashimiswap,satoexchange,satoexchange,secondbtc,secondbtc,secretswap,secretswap,serum_dex,serum dex,shibaswap,shibaswap,shortex,shortex,siennaswap,siennaswap,sifchain,sifchain,simex,simex,sinegy,sinegy,sistemkoin,sistemkoin,six_x,6x,solarbeam,solarbeam,soulswap,soulswap,south_xchange,southxchange,spiritswap,spiritswap,spookyswap,spookyswap,stake_cube,stakecube exchange,stellar_term,stellarterm,stocks_exchange,stex,stormgain,stormgain,stormgain_futures,stormgain futures,sushiswap,sushiswap,sushiswap_arbitrum,sushiswap (arbitrum one),sushiswap_avalanche,sushiswap (avalanche),sushiswap_bsc,sushiswap (bsc),sushiswap_celo,sushiswap celo,sushiswap_fantom,sushiswap (fantom),sushiswap_harmony,sushiswap (harmony),sushiswap_polygon,sushiswap (polygon pos),sushiswap_xdai,sushiswap (xdai),swapr,swapr,swapr_arbitrum,swapr (arbitrum),swapr_ethereum,swapr (ethereum),swiftex,swiftex,switcheo,switcheo,swop_fi,swop.fi,synthetix,kwenta,tdax,satang pro,templedao,templedao,tethys,tethys finance,therocktrading,therocktrading,thodex,thodex,thorswap,thorchain,thorus,thorus,tidebit,tidebit,tidex,tidex,tokenize,tokenize,tokenlon,tokenlon,tokenomy,tokenomy,token_sets,tokensets,tokens_net,tokensnet,toko_crypto,tokocrypto,tokok,tokok,tokpie,tokpie,tomodex,tomodex,topbtc,topbtc,trade_ogre,tradeogre,traderjoe,trader joe,trisolaris,trisolaris,tron_trade,trontrade,tropical_finance,tropical finance,trx_market,polonidex,txbit,txbit,ubeswap,ubeswap,unicly,unicly,uniswap,uniswap (v3),uniswap_arbitrum,uniswap (arbitrum one),uniswap_optimism,uniswap (optimism),uniswap_polygon,uniswap (polygon),uniswap_v1,uniswap (v1),uniswap_v2,uniswap (v2),unnamed,unnamed,upbit,upbit,upbit_indonesia,upbit indonesia ,value_liquid,value liquid,value_liquid_bsc,vswap bsc,vb,vb,vcc,vcc exchange,vebitcoin,vebitcoin,velic,velic,vindax,vindax,vinex,vinex,viperswap,viperswap,virgox,virgox,vitex,vitex,vvs_finance,vvs finance,wannaswap,wannaswap,wault_swap,waultswap,waultswap_polygon,waultswap polygon,waves,waves.exchange,wazirx,wazirx,whale_ex,whaleex,whitebit,whitebit,wootrade,woo network,xcoex,xcoex,xfutures,xfutures,xt,xt.com,yobit,yobit,yunex,yunex.io,zaif,zaif,zb,zb,zbg,zbg,zbg_futures,zbg futures,zbx,zbx,zebitex,zebitex,zebpay,zebpay,zero_ex,0x protocol,zero_exchange,zero exchange,zg,zg.com,zgtop,zg.top,zilswap,zilswap,zipmex,zipmex,zkswap,zkswap (v1),zkswap_v2,zkswap (v2)